{
  "version": "3.49.24347.0",
  "scenes": [
    {
      "title": "Animal Cell Structures"
    }
  ],
  "slides": [
    {
      "id": "6Lca8tPMxF7",
      "title": "Course Introduction",
      "scene_index": "1.1"
    },
    {
      "id": "6JZAk89CWGp",
      "title": "Cell Structures and Organelles",
      "scene_index": "1.2"
    },
    {
      "id": "5vr6WHdxz4t",
      "title": "Organelles",
      "scene_index": "1.3"
    },
    {
      "id": "6OuZLr2gJrF",
      "title": "Review",
      "scene_index": "1.4"
    },
    {
      "id": "5z1t3xxGuEX",
      "title": "Hotspot",
      "scene_index": "1.5"
    },
    {
      "id": "6GFzBC8Djud",
      "title": "Hotspot",
      "scene_index": "1.6"
    },
    {
      "id": "5lpo8jYRa7F",
      "title": "Fill in the blank",
      "scene_index": "1.7"
    },
    {
      "id": "5xP76bGE2lq",
      "title": "Drag Drop",
      "scene_index": "1.8"
    },
    {
      "id": "5hwQz1YpMCH",
      "title": "Drag Drop",
      "scene_index": "1.9"
    },
    {
      "id": "5t228QAVJHQ",
      "title": "Review Instructions",
      "scene_index": "1.10"
    },
    {
      "id": "6MkkkNC3cJ5",
      "title": "Quiz Introduction",
      "scene_index": "1.11"
    },
    {
      "id": "5m3tqnTtITY",
      "title": "Cell Structures",
      "scene_index": "1.12"
    },
    {
      "id": "6FGuE8Beqdl",
      "title": "QUIZ RESULTS",
      "scene_index": "1.13"
    }
  ],
  "player": {
    "name": "unified",
    "width": 980,
    "height": 658
  },
  "stage": {
    "width": 720,
    "height": 540
  }
}